aX,aY,aZ,gX,gY,gZ,output
-11.38,-1.94,14.09,1.91,0.24,0.57,Forehand
-12,-1.98,12.87,1.97,0.1,0.65,Forehand
-11.96,-1.63,11.64,1.9,-0.01,0.77,Forehand
-11.27,-0.81,10.75,1.82,-0.12,0.91,Forehand
-10.82,-0.4,10.1,1.78,-0.18,0.98,Forehand
-10.68,-0.64,9.86,1.79,-0.26,1.03,Forehand
-9.71,-0.28,9.48,1.83,-0.23,0.99,Forehand
-9.4,-0.3,8.64,1.82,-0.16,0.84,Forehand
-9.62,-0.52,8.39,1.8,-0.16,0.77,Forehand
-10.03,-0.11,7.87,1.74,-0.15,0.77,Forehand
-8.56,2.29,2.17,0.56,0.69,0.1,Forehand
-8.72,2.41,2.69,0.65,0.82,0.03,Forehand
-8.6,2.43,3.5,0.84,1.02,-0.02,Forehand
-8.11,2.43,4.39,1.19,1.26,-0.08,Forehand
-7.56,3.04,5.41,1.71,1.43,-0.19,Forehand
-7.49,3.15,7.24,2.49,1.36,-0.31,Forehand
-8.32,1,9.44,3.66,1.06,-0.24,Forehand
-9.13,-3.92,10.01,4.37,0.71,0.13,Forehand
-9.65,-9.75,7.68,4.37,0.35,0.54,Forehand
-10.03,-14.07,3.31,4.37,0.06,0.9,Forehand
-9.26,0.58,9.17,0.72,-0.24,0.7,Forehand
-9.36,0.29,9.34,0.7,-0.29,0.66,Forehand
-9.47,0.73,9.52,0.7,-0.29,0.59,Forehand
-9.61,0.5,10.31,0.78,-0.22,0.52,Forehand
-9.73,0.28,10.54,0.98,-0.19,0.51,Forehand
-9.44,0.61,10.37,1.19,-0.22,0.51,Forehand
-9.12,0.94,10.15,1.44,-0.32,0.52,Forehand
-9.27,0.97,9.39,1.64,-0.4,0.49,Forehand
-9.46,0.91,8.57,1.74,-0.41,0.46,Forehand
-9.57,0.88,7.84,1.72,-0.4,0.42,Forehand
-8.44,1.3,4.47,-0.83,0.04,0.16,Forehand
-8.13,1.58,5.14,-0.76,0.21,0.11,Forehand
-7.95,1.51,5.26,-0.66,0.34,0,Forehand
-7.83,1.86,5.15,-0.61,0.43,-0.12,Forehand
-7.96,1.87,5.02,-0.57,0.54,-0.25,Forehand
-8.12,1.86,4.92,-0.54,0.68,-0.32,Forehand
-8.22,1.93,4.91,-0.5,0.77,-0.34,Forehand
-8.37,1.86,5.08,-0.44,0.73,-0.32,Forehand
-8.63,1.76,5.22,-0.36,0.63,-0.29,Forehand
-8.61,1.89,5.63,-0.21,0.51,-0.21,Forehand
-7.94,0,11.35,-0.95,-0.74,0.31,Forehand
-8.54,0.2,12.74,-1.09,-0.53,0.24,Forehand
-9.33,0.14,14.67,-1.06,-0.38,0.2,Forehand
-9.34,0.3,15.16,-0.83,-0.26,0.18,Forehand
-9.75,0.03,15.29,-0.52,-0.16,0.19,Forehand
-10.36,-0.66,14.93,-0.2,-0.09,0.24,Forehand
-10.97,-0.75,14.48,0.15,0.06,0.36,Forehand
-10.85,-0.36,13.96,0.49,0.27,0.48,Forehand
-11.11,-0.22,13.22,0.77,0.39,0.57,Forehand
-11.55,-0.56,12.29,0.95,0.4,0.68,Forehand
-10.51,0.7,1.13,0.3,-0.7,0.19,Forehand
-9.74,0.82,0.86,0.22,-0.72,0.26,Forehand
-8.87,0.68,0.49,0.11,-0.71,0.22,Forehand
-8.1,0.53,-0.42,-0.09,-0.61,0.1,Forehand
-7.76,0.39,-0.42,-0.36,-0.44,-0.04,Forehand
-8.19,0.65,1.13,-0.47,-0.21,-0.13,Forehand
-8.73,1.04,2.83,-0.4,0.12,-0.14,Forehand
-8.98,1.13,3.79,-0.22,0.38,-0.1,Forehand
-8.95,1.18,4.19,-0.01,0.46,-0.04,Forehand
-8.72,1.18,3.89,0.15,0.4,0,Forehand
-10.04,-0.52,19.61,-1.39,-0.26,0.63,Forehand
-9.01,-0.54,19.61,-0.07,1.22,0.54,Forehand
-8.2,-0.67,16.21,0.64,2.18,0.43,Forehand
-7.75,-0.74,13.05,0.78,2.52,0.3,Forehand
-7.54,-0.32,11.37,0.53,2.34,0.13,Forehand
-7.81,0.06,11.44,0.26,1.74,0.06,Forehand
-8.63,0.53,12.34,0.16,0.87,0.14,Forehand
-8.49,0.74,12.31,0.17,-0.02,0.25,Forehand
-8.29,0.9,11.78,0.2,-0.69,0.29,Forehand
-8.41,1.15,11.07,0.15,-1.13,0.31,Forehand
-1.52,0.65,-3.94,1.19,-0.58,0.36,Forehand
-2.72,0.59,-4.64,0.44,-0.5,-0.16,Forehand
-5.46,1.04,-4.24,-0.25,-0.56,-0.27,Forehand
-6.23,1.22,-4.51,-0.94,-0.77,-0.29,Forehand
-6.93,0.47,-4.29,-1.65,-1.17,-0.27,Forehand
-7.15,-0.02,-3.07,-2.18,-1.68,-0.29,Forehand
-8.69,-0.25,-0.38,-2.45,-2.01,-0.24,Forehand
-10.13,0.09,2.05,-2.41,-2.15,-0.01,Forehand
-9.88,0.86,2.56,-2.27,-2.08,0.2,Forehand
-9.81,1.18,3.58,-2.08,-1.89,0.37,Forehand
-16.5,-3.35,15.22,4.37,3.06,0.46,Forehand
-13.39,-3.46,3.9,4.13,4.12,0.93,Forehand
-10.2,-2.18,-1.93,2.37,4.1,1.11,Forehand
-8.94,-1.9,0.24,0.32,3.08,1,Forehand
-8.04,-2.01,5.79,-1.04,1.63,0.96,Forehand
-6.8,-1.63,9.94,-1.73,0.08,0.93,Forehand
-5.47,-1.3,12.88,-1.89,-1.06,0.82,Forehand
-5.62,-1.03,15.16,-1.74,-1.47,0.47,Forehand
-5.48,0.52,12.15,-1.62,-1.11,0.1,Forehand
-7.65,0.47,13.35,-1.59,-0.71,-0.15,Forehand
-10.14,4.36,6.09,1.13,-2.58,0.58,Forehand
-9.84,4.12,5.84,1.27,-2.66,0.7,Forehand
-9.26,3.81,5.41,1.41,-2.51,0.74,Forehand
-8.7,3.54,5.16,1.55,-2.22,0.66,Forehand
-8.41,3.11,4.93,1.7,-1.78,0.51,Forehand
-8.41,2.86,4.42,1.82,-1.26,0.3,Forehand
-8.79,2.57,4.14,1.87,-0.71,0.09,Forehand
-9.43,2.44,3.68,1.89,-0.23,-0.02,Forehand
-9.96,2.2,3.42,1.84,0.05,-0.03,Forehand
-10.34,1.93,3.19,1.74,0.11,0.05,Forehand
-2.63,-16.47,-16.88,-4.37,-0.59,-4.11,Forehand
-3.71,-19.61,-14.98,-4.37,0.19,-4.37,Forehand
-7.21,-19.61,-9.61,-4.37,0.62,-4.37,Forehand
-11.29,-19.61,-2.84,-4.37,1.05,-4.37,Forehand
-16.55,-19.61,5.26,-4.37,0.97,-4.37,Forehand
-19.61,-19.61,15.69,-4.37,-0.25,-4.37,Forehand
-19.61,-19.61,19.61,-4.37,-2.49,-4.37,Forehand
-19.61,-19.61,19.61,-4.37,-4.37,-4.37,Forehand
-19.61,-18.95,19.61,-4.37,-4.37,-3.02,Forehand
-19.61,-6.29,19.61,-4.37,-4.37,-0.84,Forehand
-8.56,0.52,7.07,1.27,-0.87,0.72,Forehand
-8.54,0.67,6.51,1.28,-0.87,0.58,Forehand
-9.04,0.7,6.36,1.22,-0.82,0.42,Forehand
-9.52,0.92,6.61,1.23,-0.81,0.36,Forehand
-10.14,0.9,6.82,1.3,-0.77,0.37,Forehand
-10.61,0.91,6.83,1.41,-0.71,0.44,Forehand
-10.84,0.99,6.35,1.49,-0.66,0.56,Forehand
-10.86,1.16,5.76,1.52,-0.67,0.71,Forehand
-10.29,1.39,5.58,1.51,-0.75,0.83,Forehand
-9.73,1.41,5.55,1.5,-0.89,0.87,Forehand
-5.92,0.45,4.6,2.69,-0.04,0.32,Forehand
-6.05,-0.03,5.15,2.96,-0.1,0.24,Forehand
-5.88,-0.68,5.71,3.37,-0.03,0.17,Forehand
-5.51,-1.68,5.88,3.88,0.1,0.03,Forehand
-5.21,-2.49,5.6,4.37,0.29,-0.26,Forehand
-4.88,-3.03,4.99,4.37,0.49,-0.66,Forehand
-4.92,-3.53,4.16,4.37,0.65,-0.99,Forehand
-5.22,-4.47,3.17,4.37,0.51,-1.17,Forehand
-6.3,-6.42,2.11,4.37,0.05,-1.27,Forehand
-7.23,-8.37,-1.03,4.37,-0.6,-1.42,Forehand
-10.53,-0.05,7.07,0.75,0.21,0.49,Forehand
-10.63,0.19,7.07,0.8,-0.03,0.6,Forehand
-10.31,0.58,6.38,0.8,-0.3,0.68,Forehand
-10.64,0.17,6,0.68,-0.51,0.75,Forehand
-10.93,-0.15,5.94,0.53,-0.59,0.82,Forehand
-10.71,0.1,6.31,0.41,-0.54,0.87,Forehand
-10.5,-0.03,7.18,0.4,-0.45,0.88,Forehand
-10.54,-0.12,7.77,0.52,-0.44,0.9,Forehand
-10.72,0.1,8.16,0.77,-0.52,0.99,Forehand
-10.17,0.11,7.95,1.09,-0.59,1.09,Forehand
-6.27,-5,1.44,3.87,-1.64,1.85,Forehand
-5.7,-5.32,-0.56,3.81,-1.45,1.89,Forehand
-5.37,-5.34,-2.37,3.48,-1.33,1.92,Forehand
-4.51,-6.08,-4.55,2.95,-1.26,1.93,Forehand
-2.41,-7.52,-7.02,2.17,-1.19,1.64,Forehand
-0.89,-8.75,-10.74,0.93,-0.96,0.85,Forehand
0.1,-8.87,-16.85,-0.95,-0.75,-0.38,Forehand
1.62,-9.8,-19.61,-3.49,-0.25,-2.11,Forehand
-0.55,-12.72,-19.61,-4.37,1.03,-4.1,Forehand
-9.98,1.03,5.79,2.04,-0.38,0.96,Forehand
-10.06,1.12,5.09,1.9,-0.4,0.98,Forehand
-10.41,1.37,4.69,1.65,-0.37,0.95,Forehand
-10.81,1.41,5.05,1.38,-0.32,0.96,Forehand
-10.7,1.03,6.07,1.25,-0.3,1.03,Forehand
-10.11,0.92,6.98,1.36,-0.35,1.14,Forehand
-9.27,1.03,6.79,1.63,-0.49,1.19,Forehand
-8.57,1.15,5.8,1.88,-0.61,1.17,Forehand
-8.45,1.54,4.64,1.96,-0.65,1.11,Forehand
-8.34,1.89,3.67,1.93,-0.66,1.05,Forehand
1.36,-11.2,-19.61,-4.37,-0.56,-0.81,Forehand
2.07,-17.59,-17.9,-4.37,-0.03,-2.53,Forehand
-1.57,-19.61,-10.71,-4.37,0.94,-4.37,Forehand
-8.18,-19.61,-0.32,-4.37,2.3,-4.37,Forehand
-19.61,-19.61,10.81,-4.37,3.57,-4.37,Forehand
-19.61,-19.61,19.61,-4.37,3.35,-4.37,Forehand
-19.61,-19.61,19.61,-4.37,1.93,-3.92,Forehand
-19.61,-11.68,19.61,-4.37,-0.53,-0.14,Forehand
-19.61,-6.88,19.61,-4.37,-2.89,2.29,Forehand
-13.76,-4.86,19.61,-4.37,-4.05,2.92,Forehand
-5.95,3.21,3.43,1.67,-0.21,0.41,Forehand
-5.29,3.37,2.96,1.71,-0.07,0.22,Forehand
-3.71,3,2.4,1.66,0.07,-0.16,Forehand
-4.43,2.34,3.59,1.73,0.15,-0.43,Forehand
-6.45,3.09,3.42,1.9,0.22,-0.39,Forehand
-7.78,3.57,2.15,1.9,0.04,-0.13,Forehand
-7.44,3.42,0.75,1.82,-0.31,0.16,Forehand
-7.01,3,-0.33,1.63,-0.57,0.36,Forehand
-6.82,2.7,-0.33,1.44,-0.69,0.5,Forehand
-6.23,2.56,0.37,1.39,-0.7,0.53,Forehand
-7.13,0.81,3.42,0.65,0.16,-0.65,Forehand
-6.95,0.42,3.25,0.74,0.1,-0.67,Forehand
-6.82,-0.15,2.72,0.81,-0.04,-0.68,Forehand
-6.51,-0.78,1.93,0.77,-0.15,-0.75,Forehand
-6.25,-1.29,1,0.6,-0.23,-0.9,Forehand
-5.65,-2.04,-0.01,0.31,-0.22,-1.22,Forehand
-5.73,-2.94,-2.72,-0.15,0.17,-1.67,Forehand
-7.09,-3.99,-8.78,-0.95,0.99,-2.08,Forehand
-8.65,-4.75,-15.09,-2.48,1.88,-2.4,Forehand
-7.99,-8.04,-19.61,-4.37,2.45,-2.75,Forehand
-11.72,1.37,6.37,1.73,-0.51,0.79,Forehand
-11.08,1.64,6.41,1.9,-0.49,1.03,Forehand
-10.06,1.32,6.53,2.14,-0.56,1.13,Forehand
-9.37,1.47,6.05,2.39,-0.71,1.13,Forehand
-9.12,1.83,5.04,2.61,-0.87,1.1,Forehand
-9.19,1.95,4.06,2.81,-0.98,1.1,Forehand
-9.53,1.73,2.74,2.98,-1.02,1.13,Forehand
-9.33,1.57,1.16,3.04,-0.97,1.2,Forehand
-8.84,1.44,-0.22,3.01,-0.79,1.23,Forehand
-8.14,1.28,-1.52,2.84,-0.6,1.19,Forehand
-7.63,1.83,4.66,0.69,-0.77,1.16,Forehand
-7.68,1.62,4.97,0.65,-0.89,1.15,Forehand
-7.72,1.8,5.6,0.67,-0.99,1.2,Forehand
-7.37,1.75,6.35,0.77,-1.04,1.29,Forehand
-6.83,1.63,7.22,0.97,-1.08,1.36,Forehand
-6.11,1.21,7.07,1.15,-1.14,1.3,Forehand
-5.85,0.75,7.37,1.46,-1.31,1.3,Forehand
-5.12,0.92,7.44,1.79,-1.42,1.21,Forehand
-4.75,0.73,7.05,2.15,-1.42,1.06,Forehand
-4.49,0.44,6.37,2.47,-1.34,0.86,Forehand
-12.7,0.24,11.1,0.96,-0.05,0.18,Forehand
-13.1,0.55,11.03,1.15,0.18,0.44,Forehand
-11.22,1.06,10.09,1.34,0.26,0.68,Forehand
-11.86,0.43,9.33,1.38,0.2,0.91,Forehand
-10.26,0.21,7.55,1.23,0.01,1.02,Forehand
-10.52,-0.36,7.84,1.04,-0.29,1.09,Forehand
-9.43,0.2,8.15,0.97,-0.42,1.12,Forehand
-8.61,0.56,8.11,0.91,-0.5,0.97,Forehand
-8.13,0.73,7.95,0.9,-0.54,0.81,Forehand
-8.03,1.25,7.58,0.86,-0.59,0.64,Forehand
-5.72,1.07,2.25,2.09,0.25,-0.62,Forehand
-5.52,0.74,2.76,2.18,0.48,-0.94,Forehand
-6,0.24,3.49,2.48,0.8,-1.26,Forehand
-6.98,-0.23,4.09,2.98,1.19,-1.49,Forehand
-7.94,-0.91,3.76,3.51,1.56,-1.59,Forehand
-8.72,-1.78,2.73,3.91,1.7,-1.51,Forehand
-9.07,-2.74,1.41,4.13,1.59,-1.3,Forehand
-8.44,-3.72,-0.51,4.09,1.2,-1.08,Forehand
-7.43,-4.2,-2.62,3.73,0.65,-1.02,Forehand
-6.56,-5.15,-3.72,3.18,0.1,-1.15,Forehand
-9.77,-1.02,8.67,1.78,-0.7,0.68,Forehand
-9.4,-0.57,8.79,1.98,-0.58,0.61,Forehand
-9.68,-0.64,8.66,2.21,-0.52,0.51,Forehand
-10.27,-0.69,8.33,2.42,-0.55,0.45,Forehand
-10.84,-0.73,7.89,2.6,-0.67,0.45,Forehand
-11.22,-0.71,7.34,2.71,-0.77,0.47,Forehand
-11.64,-0.24,6.72,2.78,-0.86,0.52,Forehand
-11.88,0.2,5.75,2.77,-0.94,0.58,Forehand
-12.53,0.44,5.18,2.72,-1.09,0.66,Forehand
-13.33,0.08,4.72,2.66,-1.3,0.82,Forehand
-12.37,-19.61,-4.83,-4.37,0.74,-4.37,Forehand
-15.68,-19.61,1.3,-4.37,1.05,-4.37,Forehand
-19.6,-19.61,8.43,-4.37,1.14,-4.37,Forehand
-19.61,-19.61,19.21,-4.37,0.76,-4.37,Forehand
-19.61,-19.61,19.61,-4.37,-0.05,-4.36,Forehand
-19.61,-17.93,19.61,-4.37,-1.27,-2.79,Forehand
-19.61,-9.73,19.61,-4.37,-2.31,-1.4,Forehand
-19.61,-5.75,19.61,-4.37,-2.95,-0.65,Forehand
-17.43,-3.74,17.88,-3.85,-2.32,0.09,Forehand
-14.02,-0.89,19.61,-2.88,-1.94,0.34,Forehand
-8.51,1.93,1.49,0.73,-0.65,0.92,Forehand
-8.4,1.87,2.08,0.58,-0.49,0.8,Forehand
-8.59,1.73,2.88,0.49,-0.33,0.65,Forehand
-8.69,1.72,3.53,0.45,-0.08,0.57,Forehand
-8.79,1.34,4.16,0.5,0.19,0.56,Forehand
-8.71,1.05,4.67,0.57,0.39,0.62,Forehand
-8.26,1.03,4.54,0.64,0.47,0.7,Forehand
-8.9,0.55,6.14,0.76,0.44,0.88,Forehand
-8.27,0.71,7.11,1.02,0.3,1.12,Forehand
-7.02,0.67,6.43,1.21,0.17,1.25,Forehand
-11.86,-0.17,10.33,-0.43,-1.77,0.1,Forehand
-13.11,-0.29,11.93,-0.26,-1.61,0.46,Forehand
-12.41,-0.27,11.16,-0.16,-1.17,0.74,Forehand
-12.18,-0.92,13.03,0.19,-0.92,0.9,Forehand
-11.63,-1.42,13.55,0.69,-0.51,1.06,Forehand
-10.93,-1.3,12.53,1.08,-0.15,1.12,Forehand
-9.92,-0.94,11.04,1.3,-0.04,1.12,Forehand
-9.75,-1.04,10.76,1.45,-0.26,1.1,Forehand
-9.79,-1.22,10.38,1.46,-0.47,1.08,Forehand
-9.87,-1.66,10.41,1.32,-0.69,1.03,Forehand
-6.34,-5.03,-1.2,4.37,0.14,-1.15,Forehand
-6.69,-5.99,-2.57,4.37,0.06,-1.28,Forehand
-7.14,-6.65,-4.13,4.17,-0.01,-1.38,Forehand
-7.71,-7.13,-6.26,3.44,-0.11,-1.47,Forehand
-8.13,-7.22,-8.93,2.31,-0.25,-1.6,Forehand
-8.66,-7.4,-11.38,0.78,-0.48,-1.74,Forehand
-8.52,-7.81,-13.8,-1.09,-0.73,-1.89,Forehand
-8.11,-8.46,-13.07,-3.16,-0.92,-2.18,Forehand
-6.66,-9.96,-14.81,-4.37,-0.77,-2.68,Forehand
-5.42,-12.48,-12.9,-4.37,-0.7,-3.33,Forehand
-6.22,-5.43,2.58,2.06,-0.01,1.67,Flick
-6.82,-5.23,2.06,1.94,-0.34,1.67,Flick
-5.32,-5.04,0.54,1.62,-0.51,1.57,Flick
-5.63,-5.03,0.37,1.33,-0.68,1.48,Flick
-4.97,-5,0.59,1.11,-0.75,1.37,Flick
-4.71,-4.94,0.54,0.89,-0.72,1.19,Flick
-4.48,-5.03,0.94,0.68,-0.62,0.91,Flick
-5,-4.94,2.25,0.64,-0.5,0.66,Flick
-4.59,-4.47,1.97,0.67,-0.29,0.42,Flick
-5.01,-4.96,2.48,0.72,-0.13,0.2,Flick
-9.44,-1.1,2.77,0.33,-0.63,0.93,Flick
-9.2,-1.42,3.13,0.25,-0.63,1.08,Flick
-8.69,-1.67,3.53,0.24,-0.69,1.18,Flick
-8.11,-1.81,3.21,0.27,-0.78,1.24,Flick
-7.64,-1.7,2.83,0.29,-0.84,1.21,Flick
-7.14,-1.33,2.86,0.29,-0.8,1.16,Flick
-6.58,-1.04,2.97,0.29,-0.69,1.08,Flick
-6.29,-1.12,3.1,0.29,-0.6,0.96,Flick
-5.71,-0.88,3.42,0.33,-0.56,0.82,Flick
-4.7,-0.88,3.81,0.42,-0.61,0.61,Flick
-5.11,-6.2,2.99,2.44,0.55,0.75,Flick
-4.69,-6.35,2.87,2.44,0.57,0.46,Flick
-4.79,-6.35,3.44,2.49,0.46,0.15,Flick
-5.06,-6.48,3.8,2.63,0.39,-0.08,Flick
-5.2,-7.38,4.05,2.85,0.39,-0.25,Flick
-5.39,-8.09,4.32,3.1,0.39,-0.39,Flick
-5.17,-9.19,4.49,3.38,0.38,-0.51,Flick
-4.42,-11.22,3.44,3.6,0.38,-0.71,Flick
-3.37,-12.74,0.81,3.39,0.11,-1.09,Flick
-2.12,-13.84,-2.48,2.57,-0.29,-1.8,Flick
-1.99,-12.93,0.73,3.58,-0.08,0,Flick
-1.45,-14.01,-0.36,3.36,-0.48,-0.1,Flick
-1.13,-14.85,-1.46,3.12,-0.5,-0.33,Flick
-1.32,-15.55,-2.24,2.7,-0.24,-0.55,Flick
-2.18,-15.57,-3.09,1.94,-0.26,-0.56,Flick
-3.15,-15.32,-4.08,0.73,-0.9,-0.26,Flick
-1.74,-16.43,-6.26,-1.09,-1.96,-0.05,Flick
1.12,-17.96,-10.4,-3.4,-3.12,-0.18,Flick
4.53,-18.12,-18.2,-4.37,-4.37,-0.76,Flick
7.61,-19.61,-19.61,-4.37,-4.37,-1.74,Flick
-1.85,-8,-3.89,-0.64,-2.88,4.37,Flick
4.98,-10.34,-10.45,-1.8,-3.46,4.37,Flick
11.09,-10.17,-19.61,-4.36,-3.93,2.43,Flick
13.38,-14.86,-19.61,-4.37,-4.37,-0.24,Flick
13.3,-19.61,-19.61,-4.37,-2.14,-3.04,Flick
1.57,-19.61,-9.76,-4.37,0.46,-4.37,Flick
-14.09,-19.61,8.27,-4.37,4.37,-4.37,Flick
-19.61,-19.61,19.61,-4.37,4.37,-4.37,Flick
-19.61,-19.61,19.61,-4.37,3.35,-4.37,Flick
-19.61,-19.61,19.61,-4.37,-3.32,-2.11,Flick
0,-19.61,-19.61,-4.37,-4.37,-0.89,Flick
0.68,-19.61,-6.47,-4.37,-3.98,-1.67,Flick
-2.07,-19.61,10.77,-4.37,-2.71,-2.63,Flick
-5.07,-19.61,19.61,-4.37,-0.98,-3.87,Flick
-14.13,-19.61,19.61,-4.37,0.52,-4.37,Flick
-19.61,-15.13,19.61,-4.37,-2.5,-3.14,Flick
-19.61,3.02,19.61,-3.02,-3.41,-0.58,Flick
-19.17,1.12,19.61,2.91,-3.94,1.48,Flick
-12.81,-6.98,19.61,4.37,-3.11,2.26,Flick
-7.97,-10.81,9.03,4.37,-1.2,2.11,Flick
-6.43,-5.21,0.14,4.37,1.05,0.39,Flick
-5.83,-5.58,-2.26,4.37,0.94,0.39,Flick
-6.04,-6.85,-5.06,4.37,0.62,0.46,Flick
-6.59,-7.9,-5.25,4.37,0.25,0.62,Flick
-7.44,-8.04,-6.98,3.58,-0.22,0.87,Flick
-7.14,-8.9,-6.25,2.15,-0.86,1.03,Flick
-6.01,-10.55,-6.6,0.45,-1.34,0.82,Flick
-5.08,-12.11,-10.83,-1.91,-1.53,0.34,Flick
-2.78,-14.69,-19.61,-4.37,-2.13,-0.67,Flick
1.63,-19.61,-19.61,-4.37,-2.82,-2.21,Flick
-8.27,-6.12,-1.8,1.88,-0.02,1.19,Flick
-8.65,-7.02,-2.92,1.24,-0.55,1.61,Flick
-9.91,-8.26,-8.46,0.08,-0.62,2.05,Flick
-11.61,-9.07,-17.56,-2.01,-0.66,2.73,Flick
-11.11,-11.33,-19.61,-4.37,-1.01,3.74,Flick
-9.73,-17.4,-19.61,-4.37,-2.66,4.37,Flick
-1.3,-19.61,-19.61,-4.37,-4.37,4.37,Flick
13.74,-19.61,-17.62,-4.37,-4.37,4.37,Flick
19.61,-19.61,-1.13,-4.37,-4.37,4.37,Flick
19.61,-19.61,16.24,-4.37,-4.37,1.43,Flick
-4.92,-7.29,4.83,4.37,2.3,1.34,Flick
5.98,-19.61,-2.9,4.37,0.41,-0.93,Flick
2.83,-16.68,-17.37,-0.96,-1.29,-1.26,Flick
8.24,-17.22,-19.61,-4.37,-2.32,-2.51,Flick
12.24,-19.61,-19.61,-4.37,-3.15,-4.37,Flick
11.78,-19.61,-9.92,-4.37,-3.83,-4.37,Flick
7.37,-19.61,2.18,-4.37,-2.95,-4.37,Flick
-4.83,-19.61,19.52,-4.37,-0.18,-4.37,Flick
-19.61,-19.61,19.61,-4.37,2.68,-4.37,Flick
-19.61,-19.19,19.61,-4.37,-2.5,-4.37,Flick
-19.61,5.51,19.61,1.63,-2.44,-2.78,Flick
-19.61,-7.04,19.61,4.37,-0.05,1.71,Flick
11,-19.61,-5.28,-4.37,-4.37,4.37,Flick
11.16,-19.61,11.19,-4.37,-4.37,4.37,Flick
5.13,-19.61,19.61,-4.37,-4.37,4.37,Flick
5.85,-19.61,19.61,-4.37,-3.26,4.37,Flick
19.61,-19.61,19.61,-4.37,-2.02,3.39,Flick
19.61,-6.72,19.61,-4.37,-2.65,0.06,Flick
10.38,6.56,19.61,-0.76,-1.7,-1.67,Flick
-1.47,3.1,19.61,4.37,-1.14,-2.04,Flick
-7.14,-8.63,19.61,4.37,0.34,-1.75,Flick
-8.9,-17.17,18.43,4.37,2.77,-1.31,Flick
0.96,4.2,19.61,4.37,-1.55,-2.9,Flick
-15.31,-6.83,19.61,4.37,1.48,-2.22,Flick
-17.88,-17.69,14.79,4.37,4.37,-0.38,Flick
-10.85,-18.56,-0.59,4.37,4.37,1.01,Flick
-1.56,-13.59,-2.6,4.37,4.37,0.98,Flick
-0.83,-7.2,2.29,3.42,4.37,0.29,Flick
-3.51,-3.22,5.53,1.96,4.37,0.08,Flick
-3.97,-2.86,7.56,1.04,1.99,-0.02,Flick
-6.11,-2.1,8.41,0.42,-0.51,-0.11,Flick
-8.24,-2.11,10.87,0.14,-1.58,-0.2,Flick
-11.85,-2.09,3.8,1.03,-1.6,1.14,Flick
-11.37,-1.53,4.16,0.86,-1.5,1.26,Flick
-11.18,-1.41,4.96,0.81,-1.17,1.26,Flick
-11.1,-1.34,5.51,0.84,-0.65,1.21,Flick
-10.81,-1.22,6.13,0.97,-0.08,1.17,Flick
-10.57,-0.97,6.53,1.18,0.34,1.13,Flick
-10.43,-0.86,6.36,1.47,0.37,1.18,Flick
-10.35,-0.65,5.88,1.75,0.13,1.29,Flick
-9.97,-0.91,5.71,2.03,-0.16,1.42,Flick
-9.34,-1.09,5.91,2.37,-0.25,1.49,Flick
-19.61,-19.61,19.61,-4.37,4.37,-1.48,Flick
-19.61,-11.86,19.61,-4.37,0.93,2.37,Flick
-3.15,0.85,19.61,-1.7,-1.79,2.72,Flick
4.38,4.38,19.61,4.37,-1.23,0.34,Flick
-6.42,-6.62,19.61,4.37,-0.85,-1.07,Flick
-13.85,-15.9,14.37,4.37,-1.36,-0.94,Flick
-13.91,-17.67,3.01,4.37,-1.62,-0.28,Flick
-9.89,-12.83,-1.96,4.37,-1.16,-0.05,Flick
-7.13,-8.04,-3.89,4.37,-0.18,-0.15,Flick
-6.45,-4.3,-2.59,4.03,1.2,-0.32,Flick
-6.45,-4.55,0.74,0.58,-1.06,1.85,Flick
-6.37,-4.87,0.65,0.63,-1.02,1.8,Flick
-6.52,-4.98,0.93,0.7,-0.94,1.72,Flick
-6.38,-5.12,1.67,0.85,-0.71,1.59,Flick
-6.64,-5.22,1.77,1.02,-0.33,1.53,Flick
-6.71,-5.39,2.27,1.21,0.02,1.47,Flick
-6.72,-6.11,3.19,1.48,0.33,1.44,Flick
-6.55,-6.67,4.92,1.96,0.72,1.45,Flick
-4.93,-6.77,4.85,2.56,1.57,1.33,Flick
-2.92,-6.53,4.3,3.06,2.48,0.97,Flick
-12.59,-19.61,-19.61,-4.37,1.96,-4.37,Flick
-19.61,-19.61,-14.71,-4.37,3.13,-4.37,Flick
-16.69,-19.61,12.04,-4.37,0.21,-4.37,Flick
-2.88,-19.61,19.61,-4.37,-4.07,-4.37,Flick
4.76,-19.61,19.61,-4.37,-4.37,-4.37,Flick
-1.72,-19.61,19.61,-4.37,-3.45,-4.37,Flick
-12.52,-8.58,19.61,-4.37,-2.26,-4.37,Flick
-14.94,-0.68,19.61,-4.37,-2.03,-3.87,Flick
-11.74,2.86,19.61,-4.12,-2.26,-2.17,Flick
-7.48,5.56,19.61,-1.64,-2.11,-1.19,Flick
-12.13,1.03,8.38,-0.13,0.06,-0.37,Flick
-12.11,1.87,8.72,-0.24,-0.03,-0.32,Flick
-12.69,2.22,8.9,-0.32,-0.22,-0.18,Flick
-12.79,1.94,8.97,-0.42,-0.31,-0.02,Flick
-12.56,2.18,8.9,-0.53,-0.34,0.16,Flick
-12.89,2.84,9.41,-0.65,-0.33,0.36,Flick
-12.28,3.22,10.18,-0.72,-0.17,0.51,Flick
-11.73,3.56,11.12,-0.69,0.12,0.58,Flick
-11.87,4.11,12.29,-0.55,0.39,0.6,Flick
-11.75,4.86,14.14,-0.24,0.73,0.71,Flick
-6.93,-12.45,-1.9,4.37,2.05,-0.38,Flick
-6.29,-8.75,-4.65,4.37,2.54,-0.47,Flick
-5.11,-4.89,-3.76,3.68,3.27,-0.63,Flick
-5.37,-2.03,-3.54,2.21,3.83,-0.86,Flick
-6.4,-1.03,-2.1,0.88,4.05,-1.04,Flick
-6.88,-0.72,-0.37,-0.24,3.91,-1.26,Flick
-7.76,-0.25,2.63,-1.05,3.57,-1.52,Flick
-9.94,-0.06,4.56,-1.61,3.22,-1.64,Flick
-11.96,-0.34,5.9,-1.85,2.86,-1.62,Flick
-13.44,0.23,8.37,-1.79,2.33,-1.46,Flick
-12.25,1.18,8.7,2.86,2.44,0.48,Flick
-12.01,1.07,8.77,3.11,2.5,0.61,Flick
-11.52,0.65,7.81,3.37,2.36,0.83,Flick
-10.43,0.61,7.09,3.61,2.23,1.03,Flick
-8.57,0.38,5.98,3.78,2.31,1.1,Flick
-6.35,-0.02,4.98,3.87,2.6,0.94,Flick
-5.37,-0.07,5.09,4.02,3.16,0.69,Flick
-4.57,-0.04,5.34,4.25,3.87,0.47,Flick
-4.6,-0.93,6.12,4.37,4.36,0.27,Flick
-5.11,-2.28,6.23,4.37,4.33,0.32,Flick
-0.26,-10.08,-2.55,3.12,-0.34,4.37,Flick
0.64,-10.42,-5.32,2.62,-0.44,4.37,Flick
1.84,-11.25,-6.33,1.88,-0.41,4.37,Flick
3.12,-12.29,-6.7,0.97,-0.67,4.37,Flick
7.11,-13.92,-7.34,-0.12,-1.42,4.37,Flick
13.63,-15.57,-12.54,-1.58,-2.44,3.13,Flick
17.96,-15.72,-19.61,-4.14,-3.93,0.68,Flick
19.61,-19.12,-19.61,-4.37,-4.37,-2.12,Flick
15.11,-19.61,-19.61,-4.37,-4.37,-4.37,Flick
8.13,-19.61,-13.75,-4.37,-4.37,-4.37,Flick
2.84,-4.56,0.03,4.37,4.37,0.58,Flick
4.29,-2.62,-1.39,4.28,4.37,-0.86,Flick
2.5,-1.26,-1.74,3.27,4.37,-2.15,Flick
-1.61,-0.54,-0.9,2.37,4.37,-3.1,Flick
-6.37,-0.01,-0.26,1.36,4.37,-3.46,Flick
-9.7,0.57,2.24,0.44,4.37,-3.37,Flick
-11.6,1.13,5.91,0.05,4.37,-3.06,Flick
-13.4,1.62,9.29,0.41,4.2,-2.64,Flick
-15.47,1.21,9.6,1.03,3.39,-1.96,Flick
-15.62,0.64,8.77,1.59,2.46,-1.26,Flick
-5.69,-1.93,1.82,4.21,2.47,0.56,Flick
-4.48,-2.71,1.26,4.37,2.93,0.43,Flick
-3.44,-2.99,0.36,4.37,3.23,0.31,Flick
-2.75,-3.32,-0.34,4.37,3.28,0.24,Flick
-3.24,-3.92,-0.76,4.35,2.85,0.31,Flick
-4.16,-4.17,-1.34,4.13,1.99,0.63,Flick
-4.11,-4.95,-2.15,3.83,1.2,1.07,Flick
-3.72,-5.83,-3.03,3.44,0.58,1.5,Flick
-3.42,-6.62,-4.49,2.89,0.18,1.97,Flick
-3.95,-7.38,-7.43,1.98,-0.36,2.66,Flick
14.83,-19.61,-19.61,-4.37,-4.37,1.5,Flick
19.61,-19.61,-12.86,-4.37,-4.37,0.26,Flick
19.61,-19.61,5.88,-4.37,-4.37,-2.15,Flick
15.72,-19.61,19.61,-4.37,-3.29,-4.37,Flick
-19.61,-19.61,19.61,-4.37,1.59,-4.37,Flick
-19.61,-19.61,19.61,-4.37,3.62,-4.37,Flick
-19.61,-13.23,19.61,-4.37,0.07,-2.63,Flick
-19.5,-6.76,19.61,-2.94,-4.37,-0.72,Flick
-12.99,-3.95,19.61,1.42,-4.37,-0.72,Flick
-18.24,-7.18,19.61,4.37,-4.37,-0.69,Flick
10.68,-2.37,9.17,2.09,0.6,2.1,Backhand
10.24,-3,9.9,1.98,0.6,2.06,Backhand
10.05,-3.65,9.87,1.93,0.61,2.11,Backhand
10.27,-4.23,9.73,1.88,0.63,2.21,Backhand
11.03,-4.65,9.38,1.84,0.63,2.25,Backhand
11.71,-4.6,8.52,1.74,0.58,2.23,Backhand
11.78,-4.74,7.97,1.56,0.51,2.16,Backhand
11.85,-4.89,8.13,1.38,0.34,2.06,Backhand
12.34,-4.76,8.94,1.31,0,1.88,Backhand
13.1,-4.65,8.52,1.26,-0.39,1.58,Backhand
9.38,-3.57,9.17,2.04,1.73,1.34,Backhand
9.01,-3.57,8.77,1.8,1.6,1.6,Backhand
9.22,-3.9,9.19,1.54,1.4,1.83,Backhand
9.97,-4,10.63,1.38,1.2,2.01,Backhand
11.02,-3.98,11.74,1.39,0.95,2.03,Backhand
12,-3.96,11.55,1.44,0.8,1.88,Backhand
12.77,-3.65,10.78,1.4,0.94,1.6,Backhand
13.47,-3.67,10.17,1.25,1.21,1.21,Backhand
13.63,-4.25,9.74,1.05,1.59,0.77,Backhand
13.07,-5.09,9.07,0.82,1.94,0.37,Backhand
14.67,-10.21,1.57,-2.87,1.59,-1.9,Backhand
16.27,-10.81,0.85,-3.09,1.47,-2.2,Backhand
16.98,-10.86,-1.29,-3.39,0.74,-2.69,Backhand
18.03,-11.58,-3.11,-4.13,-0.62,-3.31,Backhand
18.41,-14.1,-3.48,-4.37,-2.14,-4.08,Backhand
17.24,-16.87,-2.55,-4.37,-3.38,-4.37,Backhand
16.7,-19.61,0.91,-4.37,-4.35,-4.37,Backhand
15.9,-19.61,6.37,-4.37,-4.37,-4.37,Backhand
15.81,-19.61,14.98,-4.37,-4.37,-4.37,Backhand
15.04,-19.61,19.61,-4.37,-4.37,-4.37,Backhand
12.28,-0.96,11.94,1.33,-0.39,3.1,Backhand
13.92,-0.62,10.76,1.17,-0.46,2.72,Backhand
14.74,-0.43,9.91,0.88,-0.46,2.17,Backhand
14.9,-0.51,9.99,0.59,-0.46,1.58,Backhand
14.85,-0.74,10.44,0.4,-0.55,0.98,Backhand
14.32,-1.18,11.02,0.33,-0.68,0.41,Backhand
13.98,-1.87,11.26,0.36,-0.81,-0.08,Backhand
14.24,-2.71,11,0.4,-0.84,-0.51,Backhand
14.74,-3.43,10.13,0.37,-0.61,-0.92,Backhand
15.67,-3.53,9.31,0.29,-0.25,-1.42,Backhand
-18.97,1.71,19.61,-4.37,4.37,0.02,Backhand
-13.86,-5.49,19.61,-2.15,4.37,2.27,Backhand
-1.14,-12.75,19.61,4.37,4.37,4.12,Backhand
8.52,-14.69,19.61,4.37,2.02,4.37,Backhand
12.55,-13.96,12.34,4.37,-2.66,4.22,Backhand
12.41,-9.91,5.19,4.37,-4.37,3.11,Backhand
12.01,-6.5,1.18,4.37,-4.37,1.89,Backhand
12.73,-4.99,0.23,4.37,-4.37,0.89,Backhand
12.86,-3.82,0.81,4.37,-3.83,0.19,Backhand
12.07,-3.03,3.86,2.73,-0.78,-0.27,Backhand
8.96,-3,11.5,1.48,-1.44,1.34,Backhand
12.12,-2.85,10.9,1.87,-1.46,1.15,Backhand
12.73,-1.93,6.02,1.7,-1.09,0.89,Backhand
13.92,-2.8,3.94,1.11,-0.18,0.59,Backhand
13.88,-3.33,3.1,0.49,0.65,0.19,Backhand
13.12,-3.65,3.94,0,1.04,-0.1,Backhand
12.67,-4.11,4.15,-0.29,0.98,-0.33,Backhand
12.39,-4.24,3.99,-0.6,0.76,-0.45,Backhand
13.14,-4.63,3.89,-0.88,0.65,-0.6,Backhand
14.22,-5.01,2.96,-1.25,0.76,-0.86,Backhand
3.43,-6.36,19.61,-4.37,1.72,-1.57,Backhand
-4.28,-1.27,19.61,-4.37,3.87,-0.85,Backhand
-4.29,0.74,19.61,-0.59,4.23,0.53,Backhand
3.15,-4.55,19.61,4.37,2.11,1.23,Backhand
7.42,-7.02,19.61,4.37,-0.45,1.15,Backhand
7.98,-8.19,19.61,4.37,-2.26,1.08,Backhand
8.11,-8.83,15.02,4.37,-2.98,1.02,Backhand
8.83,-7.22,11.6,4.37,-2.31,0.9,Backhand
9.59,-5.84,7.98,4.37,-0.99,0.75,Backhand
9.89,-3.86,7.55,4.37,0.87,0.69,Backhand
12.56,-3.05,9.38,1.87,-1.75,1.13,Backhand
13.67,-2.91,7.19,1.61,-1.34,0.87,Backhand
14.33,-3.19,6.61,1.1,-0.63,0.5,Backhand
14.02,-3.44,6.86,0.67,-0.05,0.11,Backhand
13.57,-3.67,7.21,0.4,0.16,-0.3,Backhand
13.63,-3.87,7.09,0.18,0.12,-0.66,Backhand
13.27,-4.09,6.61,-0.06,0.1,-0.94,Backhand
13.28,-4.25,6.61,-0.38,-0.02,-1.16,Backhand
13.41,-4.82,6.84,-0.66,0.01,-1.32,Backhand
13.32,-5.64,6.66,-0.94,0.21,-1.45,Backhand
16.24,-6.03,9.12,1.39,-3.75,3.7,Backhand
18.66,-6.99,7.49,1.81,-3.56,3.41,Backhand
19.61,-6.66,4.32,1.66,-2.65,2.62,Backhand
19.61,-4.14,1.16,0.74,-1.28,1.47,Backhand
19.61,-7.1,-1.45,-0.54,-0.27,-0.01,Backhand
19.61,-9.04,-3.32,-2.02,0.11,-1.68,Backhand
19.61,-10.4,-4.38,-3.63,-0.4,-3.26,Backhand
19.61,-11.61,-5.21,-4.37,-1.13,-4.37,Backhand
19.61,-15.67,-3.85,-4.37,-2.05,-4.37,Backhand
19.26,-19.61,0.25,-4.37,-2.95,-4.37,Backhand
5.68,-3.14,12.23,2.99,2.24,0.57,Backhand
4.58,-2.2,11.46,2.81,2.33,0.93,Backhand
4.7,-1.58,11.36,2.64,2.05,1.36,Backhand
5.26,-1.72,12.16,2.54,1.52,1.73,Backhand
6.46,-1.54,12.8,2.58,0.81,2.01,Backhand
8.11,-1.3,12.77,2.71,0.02,2.1,Backhand
9.12,-1.8,13.71,2.96,-0.52,2.05,Backhand
8.88,-1.25,13.6,3.3,-0.89,2,Backhand
8.82,-1.06,12.49,3.52,-1.07,2,Backhand
8.86,-0.84,11.31,3.54,-1.13,1.96,Backhand
9.87,-4.02,10.42,0.55,-1.21,0.01,Backhand
9.73,-4.58,10.34,0.81,-1.02,0.06,Backhand
9.68,-4.92,9.91,1.02,-0.73,0.16,Backhand
10.54,-5.29,8.4,1.13,-0.36,0.22,Backhand
11.69,-5.69,6.09,1.13,0.2,0.12,Backhand
12.43,-5.67,3.57,0.94,0.7,-0.14,Backhand
13.26,-5.85,1.71,0.61,1.17,-0.53,Backhand
13.93,-6.25,0.97,0.24,1.52,-0.96,Backhand
14.89,-6.82,-0.7,-0.12,1.56,-1.41,Backhand
15.48,-8.58,-3.74,-0.63,1.22,-1.89,Backhand
17.14,-10.16,19.61,4.37,-3.72,4.37,Backhand
19.61,-11.53,9.59,4.37,-4.37,3.31,Backhand
17.64,-9.18,-2.34,4.37,-4.37,1.74,Backhand
15.09,-5.77,-5.35,4.37,-4.37,0.44,Backhand
14.09,-3.27,-1.88,4.37,-3.98,-0.56,Backhand
12.63,-3.81,4.63,2.29,-1.5,-1.18,Backhand
10.31,-4.63,10.93,1.21,0.79,-1.51,Backhand
8.52,-5.75,14.07,1.04,2.59,-1.49,Backhand
7.43,-5.4,14.37,1.33,3.7,-1.28,Backhand
6.83,-4.75,13.35,1.75,4.22,-0.98,Backhand
7.85,-1.51,11.9,3.61,1.86,0,Backhand
8.04,-1.66,12.3,3.78,1.6,0.22,Backhand
8.21,-1.69,12.13,4.01,1.46,0.45,Backhand
8.49,-1.3,10.73,4.08,1.43,0.69,Backhand
8.2,-0.51,8.66,3.88,1.61,0.98,Backhand
8.14,0.92,6.78,3.41,1.69,1.26,Backhand
8.27,1.78,5.64,2.78,1.76,1.48,Backhand
8.6,2.5,4.85,2.07,1.82,1.68,Backhand
10.41,3.03,3.93,1.36,1.75,1.65,Backhand
10.18,3.63,5.66,0.89,1.43,1.51,Backhand
-9.85,-13.91,19.61,-4.37,4.37,4.06,Backhand
-0.98,-2.75,19.61,-4.37,4.37,4.37,Backhand
19.61,-3.12,19.61,3.92,4.37,4.37,Backhand
19.61,-5.19,19.61,4.37,1.81,2.6,Backhand
19.61,-6.66,8.03,4.37,-0.92,0.44,Backhand
16.32,-6.06,-0.23,4.37,-3.14,-0.84,Backhand
9.34,-2.71,-2.28,4.37,-3.94,-1.25,Backhand
7.45,-3.22,4.99,3.2,-2.9,-1.15,Backhand
7.33,-3.11,12.42,1.79,-0.95,-0.91,Backhand
6.85,-3.95,18.28,1.51,0.85,-0.68,Backhand
10.05,-2.58,3.48,2.5,-1.29,0.36,Backhand
11.38,-2.03,2.28,2.14,-1.2,0.08,Backhand
12.37,-2.05,1.46,1.62,-0.83,-0.27,Backhand
12.89,-3.17,1.1,1.05,-0.14,-0.69,Backhand
12,-4.12,0.08,0.47,0.66,-1.03,Backhand
11.65,-4.54,-1.44,-0.12,1.32,-1.29,Backhand
12.56,-4.95,-1.84,-0.66,1.89,-1.64,Backhand
12.45,-5.59,-1.75,-1.08,2.1,-1.98,Backhand
11.69,-6.58,-2.42,-1.47,1.97,-2.15,Backhand
10.77,-7.92,-4.49,-2.05,1.62,-2.14,Backhand
4.4,-0.83,13.6,1.78,0.13,0.53,Backhand
5.04,-0.15,13.3,2.52,-0.65,0.88,Backhand
6.02,-0.21,11.54,2.96,-1.06,1.03,Backhand
6.08,0.68,9.74,3.01,-1.13,1.11,Backhand
5.88,1.38,8.48,2.76,-0.8,1.28,Backhand
6.21,1.23,7.98,2.45,-0.23,1.54,Backhand
6.92,0.88,7.87,2.18,0.24,1.79,Backhand
7.92,0.87,7.9,2.03,0.49,1.93,Backhand
8.69,0.98,7.71,1.95,0.56,1.91,Backhand
8.78,1.12,7.08,1.87,0.59,1.84,Backhand
12.56,-1.17,5.7,0.53,-0.01,0.75,Backhand
12.83,-0.88,5.05,0.37,-0.14,0.54,Backhand
13.15,-0.74,5.09,0.15,-0.23,0.23,Backhand
12.72,-0.79,5.06,-0.1,-0.3,-0.02,Backhand
13.17,-1,5.39,-0.39,-0.26,-0.24,Backhand
13.73,-0.96,5.82,-0.65,-0.05,-0.55,Backhand
14.17,-1.23,6.11,-0.79,0.31,-0.92,Backhand
14.12,-1.01,5.53,-0.86,0.63,-1.36,Backhand
14.19,-0.92,4.58,-0.97,0.68,-1.77,Backhand
14.54,-1.41,3.44,-1.19,0.65,-2.16,Backhand
6.97,-1.63,12.3,1.28,0.21,1.11,Backhand
7.36,-1.06,11.76,1.43,0.31,1.45,Backhand
7.88,-0.42,10.82,1.48,0.44,1.71,Backhand
9.03,-0.56,10.98,1.51,0.56,1.86,Backhand
9.51,-0.21,10.61,1.58,0.65,1.92,Backhand
9.69,-0.39,11.19,1.67,0.69,1.98,Backhand
10.8,-0.25,10.78,1.78,0.64,1.97,Backhand
11.35,0.75,10.45,1.95,0.64,1.8,Backhand
11.34,1.2,9.39,1.99,0.73,1.63,Backhand
11.19,0.99,7.37,1.69,1,1.46,Backhand
10.86,-0.88,9.23,1.87,0.81,0.83,Backhand
10.38,-0.89,9.16,2.07,0.43,0.76,Backhand
9.97,-1.24,8.62,2.28,-0.06,0.73,Backhand
10.03,-1.51,7.8,2.42,-0.41,0.78,Backhand
10.47,-1.94,6.66,2.43,-0.63,0.86,Backhand
10.86,-2.01,5.89,2.3,-0.53,0.91,Backhand
10.98,-2.19,5.11,2.1,-0.28,0.96,Backhand
11.34,-2.47,4.59,1.89,-0.11,0.98,Backhand
11.69,-2.87,3.85,1.67,0.02,0.96,Backhand
12.18,-3.03,3.17,1.47,0.21,0.87,Backhand
14.14,-5.59,-7.39,-1.43,-0.11,-1.07,Backhand
14.37,-7.95,-9.76,-2.59,-0.08,-1.35,Backhand
14.83,-10.98,-11.48,-4.02,-0.43,-1.56,Backhand
15.88,-15.25,-11.89,-4.37,-1.74,-1.57,Backhand
17.96,-19.61,-10.19,-4.37,-3.68,-1.29,Backhand
19.61,-19.61,-6.19,-4.37,-4.37,-0.54,Backhand
19.61,-19.61,1.92,-4.37,-4.37,0.3,Backhand
19.61,-19.61,10.81,-4.37,-4.37,0.25,Backhand
19.61,-19.61,19.61,-4.37,-3.44,-1.52,Backhand
8.77,1.11,14.33,0.15,-0.07,0.17,Backhand
8.86,0.96,14.5,0.07,0.03,0.06,Backhand
8.57,1.01,14.58,0.02,0.06,-0.07,Backhand
8.09,1.1,14.35,-0.04,0.09,-0.13,Backhand
8.68,1.46,14.68,-0.09,0.14,-0.2,Backhand
8.02,0.98,15.01,-0.05,0.11,-0.27,Backhand
7.62,0.82,14.97,0.02,-0.04,-0.26,Backhand
7.18,0.95,14.73,0.06,-0.11,-0.18,Backhand
6.89,1,14.49,0.08,-0.14,-0.08,Backhand
9.28,-2.28,13.37,2.24,2.94,-1.09,Backhand
7.56,-2.37,13.11,2.61,1.84,-1.2,Backhand
6.03,-2.33,13.66,2.72,1.37,-1.04,Backhand
5.29,-2.16,14.71,2.86,1.42,-0.63,Backhand
5.33,-1.51,14.76,3.07,1.61,-0.13,Backhand
6.34,-0.89,14.03,3.29,1.78,0.31,Backhand
8.1,-0.4,12.98,3.48,1.81,0.58,Backhand
8.96,0.34,11.79,3.6,1.79,0.67,Backhand
9.65,0.62,10.58,3.62,1.77,0.75,Backhand
9.85,0.79,9.38,3.58,1.71,0.83,Backhand
11.55,2.35,5.76,1.01,0.39,1.04,Backhand
11.93,1.98,5.78,0.95,0.38,1,Backhand
12.36,1.78,6.36,1.06,0.18,1,Backhand
12.73,1.46,5.94,1.28,0,0.96,Backhand
13.33,1.48,4.91,1.43,-0.15,0.81,Backhand
13.94,1.13,2.63,1.44,-0.23,0.6,Backhand
14.36,0.85,0.04,1.18,-0.19,0.26,Backhand
13.27,0.78,-2.02,0.61,-0.14,-0.04,Backhand
12.34,0.28,-2.69,-0.06,-0.15,-0.24,Backhand
11.17,-0.44,-3.23,-0.72,-0.27,-0.32,Backhand
7.3,-3.26,12.52,3.11,4.04,-1.67,Backhand
6.6,-2.35,10.91,3.34,3.35,-1.09,Backhand
6.04,-1.36,9.44,3.39,2.52,-0.43,Backhand
6.46,-0.81,9.03,3.37,1.66,0.19,Backhand
7.81,-0.33,9.29,3.39,0.81,0.62,Backhand
9.25,0.1,9.69,3.47,0.13,0.79,Backhand
10.19,0.4,9.59,3.55,-0.21,0.75,Backhand
10.6,0.43,9.37,3.52,-0.21,0.63,Backhand
11.31,0.39,7.99,3.31,0.2,0.44,Backhand
10.9,0.38,8.2,3.17,0.66,0.3,Backhand
-2.65,-0.53,18.01,2.03,3.06,-1.22,Backhand
-1.69,0.36,19.06,0.01,0.29,0.37,Idle
-2.36,0.37,19.12,0.03,0.1,0.5,Idle
-3.16,0.13,19.09,0.09,-0.31,0.64,Idle
-3.11,-0.11,19.41,0.14,-0.68,0.78,Idle
-2.73,-0.47,19.61,0.19,-0.85,0.79,Idle
-2.17,-0.17,19.61,0.2,-0.77,0.99,Idle
-2.01,-0.22,19.42,0.18,-0.65,1.33,Idle
-1.66,0.18,19.5,0.14,-0.65,1.66,Idle
-1.03,0.41,19.43,0.05,-0.6,1.8,Idle
-0.88,0.48,19.61,-0.02,-0.32,1.8,Idle
-1.33,0.07,19.2,-0.09,-0.01,-0.02,Idle
-1.29,0.09,19.15,-0.09,-0.01,-0.02,Idle
-1.32,0.08,19.1,-0.09,-0.01,-0.03,Idle
-1.37,0.1,19.13,-0.08,-0.01,-0.02,Idle
-1.35,0.09,19.1,-0.08,0,-0.02,Idle
-1.28,0.02,19.12,-0.08,-0.01,-0.02,Idle
-1.36,0.06,19.12,-0.09,0,-0.02,Idle
-1.27,0.08,19.11,-0.08,-0.01,-0.02,Idle
-1.36,0.09,19.1,-0.09,-0.01,-0.02,Idle
-1.36,0.07,19.14,-0.09,-0.01,-0.02,Idle
-1.37,0.05,19.14,-0.09,-0.01,-0.02,Idle
-1.33,0.09,19.11,-0.09,-0.01,-0.02,Idle
-1.31,0.13,19.02,-0.08,-0.01,-0.02,Idle
-1.37,0.06,19.07,-0.08,-0.01,-0.02,Idle
-1.29,0.13,19.04,-0.09,-0.01,-0.02,Idle
-1.29,0.09,19.07,-0.09,-0.01,-0.02,Idle
-1.28,0.11,19.17,-0.09,0,-0.02,Idle
-1.35,0.08,19.04,-0.09,-0.01,-0.02,Idle
-1.34,0.11,19.14,-0.08,-0.01,-0.02,Idle
-1.3,0.05,19.08,-0.09,-0.01,-0.02,Idle
-1.23,0.07,19.15,-0.09,-0.01,-0.02,Idle
-1.33,0.09,19.08,-0.09,-0.01,-0.02,Idle
-1.41,0.09,19.11,-0.08,0,-0.02,Idle
-1.26,0.06,19.15,-0.09,-0.01,-0.02,Idle
-1.28,0.08,19.13,-0.08,-0.01,-0.02,Idle
-1.37,0.13,19.15,-0.09,-0.01,-0.02,Idle
-1.29,0.08,19.07,-0.08,-0.01,-0.02,Idle
-1.32,0.07,19.19,-0.09,-0.01,-0.02,Idle
-1.32,0.09,19.2,-0.09,-0.01,-0.02,Idle
-1.29,0.16,19.11,-0.09,-0.01,-0.02,Idle
-1.12,1.7,19.15,-0.07,0.13,-0.29,Idle
-1.32,1.59,19.01,-0.05,0.1,-0.36,Idle
-1.37,1.46,19.14,-0.05,0.03,-0.37,Idle
-1.05,1.51,19.15,-0.05,-0.03,-0.32,Idle
-0.86,1.3,19.1,-0.03,-0.1,-0.27,Idle
-0.85,0.95,19.21,-0.04,-0.14,-0.25,Idle
-0.98,0.82,19.18,-0.04,-0.15,-0.25,Idle
-1.12,0.26,19.09,-0.05,-0.07,-0.27,Idle
-1.47,0.22,19.11,-0.05,0.01,-0.3,Idle
-1.79,0.19,18.96,-0.05,0.05,-0.29,Idle
-1.2,0.11,19.13,-0.08,-0.09,-0.02,Idle
-1.04,0.09,18.97,-0.08,0.04,-0.02,Idle
-1.4,0.1,19.01,-0.1,0.13,-0.02,Idle
-1.13,0.04,18.99,-0.09,0.07,-0.02,Idle
-1.38,0.02,19.09,-0.1,0.12,-0.02,Idle
-1.33,0.08,19.08,-0.09,0.09,-0.03,Idle
-1.02,0.09,19,-0.08,-0.14,-0.03,Idle
-1.45,-0.01,19.22,-0.09,0.04,-0.02,Idle
-1.23,0.09,19.01,-0.08,-0.04,-0.02,Idle
-1.39,0.09,19.15,-0.09,0.02,-0.02,Idle
-1.3,0.12,19.14,-0.08,-0.01,-0.02,Idle
-1.4,0.08,19.09,-0.09,-0.01,-0.02,Idle
-1.29,0.09,19.1,-0.09,-0.01,-0.02,Idle
-1.3,0.09,19.11,-0.08,-0.01,-0.02,Idle
-1.32,0.1,19.17,-0.08,0,-0.02,Idle
-1.36,0.06,19.2,-0.08,-0.01,-0.02,Idle
-1.3,0.12,19.14,-0.08,-0.01,-0.02,Idle
-1.4,0.08,19.09,-0.09,-0.01,-0.02,Idle
-1.29,0.09,19.1,-0.09,-0.01,-0.02,Idle
-1.3,0.09,19.11,-0.08,-0.01,-0.02,Idle
-1.32,0.1,19.17,-0.08,0,-0.02,Idle
-1.36,0.06,19.2,-0.08,-0.01,-0.02,Idle
-1.32,0.07,19.1,-0.08,-0.01,-0.02,Idle
-1.36,0.02,19.15,-0.08,-0.01,-0.02,Idle
-1.34,0.11,19.01,-0.08,0,-0.02,Idle
-1.36,0.1,19.1,-0.08,-0.01,-0.02,Idle
-1.02,0.51,19.21,-0.08,0.02,-0.05,Idle
-1.03,1.01,19.17,-0.07,0,-0.09,Idle
-0.96,0.83,19.05,-0.07,0,-0.13,Idle
-1.02,0.64,19.18,-0.07,0,-0.16,Idle
-1.03,0.63,19.22,-0.07,0.02,-0.16,Idle
-1.17,0.65,19.16,-0.07,0.02,-0.15,Idle
-1.23,0.48,19.12,-0.07,0.01,-0.12,Idle
-1.2,0.33,19.02,-0.07,0,-0.09,Idle
-1.14,0.07,19.22,-0.08,0.01,-0.09,Idle
-1.25,0.09,19.19,-0.08,0.03,-0.07,Idle
-0.91,0.35,19.09,-0.09,-0.01,-0.02,Idle
-1.07,0.07,19.09,-0.08,-0.01,-0.02,Idle
-1.12,0.06,19.1,-0.09,0,-0.02,Idle
-1.09,0.14,19.18,-0.08,0.01,-0.02,Idle
-0.98,0.06,19.07,-0.08,0.03,-0.02,Idle
-1.13,0.03,19.13,-0.07,0.06,-0.02,Idle
-1.07,0.08,19.13,-0.07,0.06,-0.02,Idle
-1.07,0.1,19.16,-0.07,0.06,-0.02,Idle
-1.14,0.07,19.12,-0.07,0.06,-0.02,Idle
-1.09,0.03,19.07,-0.07,0.04,-0.03,Idle
-1.37,0.23,19.15,-0.13,0,0.24,Idle
-1.37,0.32,19.12,-0.11,0,0.23,Idle
-1.13,0.44,19.14,-0.12,0,0.18,Idle
-1.26,0.3,19.22,-0.1,0,0.14,Idle
-1.35,0.08,19.03,-0.11,0,0.12,Idle
-1.56,0.07,19.18,-0.1,0,0.14,Idle
-1.62,0.08,19.09,-0.11,0,0.16,Idle
-1.49,0.16,19.14,-0.11,0,0.18,Idle
-1.18,0.43,19.24,-0.11,-0.01,0.14,Idle
-1,0.48,19.13,-0.09,-0.02,0.07,Idle
-1.32,0.04,19.21,-0.08,-0.01,-0.02,Idle
-1.31,0.09,19.13,-0.08,-0.01,-0.02,Idle
-1.3,0.07,19.06,-0.08,-0.01,-0.02,Idle
-1.42,0.06,19.16,-0.08,-0.01,-0.02,Idle
-1.37,0.06,19.16,-0.08,-0.01,-0.02,Idle
-1.37,0.04,19.13,-0.08,0,-0.01,Idle
-1.4,0.14,19.05,-0.08,-0.01,-0.02,Idle
-1.31,0.06,19.13,-0.08,0,-0.02,Idle
-1.38,0.1,19.16,-0.08,-0.01,-0.02,Idle
-1.34,0.06,19.2,-0.09,-0.01,-0.02,Idle
-1.38,0.1,19.13,-0.08,-0.01,-0.03,Idle
